#FFFFFF,#FFFFFF,#FFFFFF,#FFFFFF,#FFFFFF,#FFFFFF,#FFFFFF,#FFFFFF,#FFFFFF,#FFFFFF,#FFFFFF,#FFFFFF,#FFFFFF,#FFFFFF,#FFFFFF,#FFFFFF,#FFFFFF,#FFFFFF,#FFFFFF,#FFFFFF,#FFFFFF,#FFFFFF,#FFFFFF,#FFFFFF,#FFFFFF,#FFFFFF,#FFFFFF,#FFFFFF,#FFFFFF,#FFFFFF,#FFFFFF,#FFFFFF,#FFFFFF,#FFFFFF,#FFFFFF,#FFFFFF,#FFFFFF,#FFFFFF,#FFFFFF,#FFFFFF
#FFFFFF,#FFFFFF,#FFFFFF,#FFFFFF,#FFFFFF,#FFFFFF,#FFFFFF,#FFFFFF,#FFFFFF,#FFFFFF,#FFFFFF,#FFFFFF,#FFFFFF,#FFFFFF,#FFFFFF,#FFFFFF,#FFFFFF,#FFFFFF,#FFFFFF,#FFFFFF,#753832,#753832,#753832,#753832,#753832,#753832,#FFFFFF,#FFFFFF,#FFFFFF,#FFFFFF,#FFFFFF,#FFFFFF,#FFFFFF,#FFFFFF,#FFFFFF,#FFFFFF,#FFFFFF,#FFFFFF,#FFFFFF,#FFFFFF
#FFFFFF,#FFFFFF,#FFFFFF,#FFFFFF,#FFFFFF,#FFFFFF,#FFFFFF,#FFFFFF,#FFFFFF,#FFFFFF,#FFFFFF,#FFFFFF,#FFFFFF,#FFFFFF,#FFFFFF,#FFFFFF,#753832,#753832,#753832,#753832,#F2D9BA,#F2D9BA,#F2D9BA,#F2D9BA,#F2D9BA,#F2D9BA,#753832,#FFFFFF,#FFFFFF,#FFFFFF,#FFFFFF,#FFFFFF,#FFFFFF,#FFFFFF,#FFFFFF,#FFFFFF,#FFFFFF,#FFFFFF,#FFFFFF,#FFFFFF
#FFFFFF,#FFFFFF,#FFFFFF,#FFFFFF,#FFFFFF,#FFFFFF,#FFFFFF,#FFFFFF,#FFFFFF,#FFFFFF,#FFFFFF,#FFFFFF,#FFFFFF,#FFFFFF,#FFFFFF,#753832,#FAF4C8,#FAF4C8,#FAF4C8,#F2D9BA,#F2D9BA,#F2D9BA,#F2D9BA,#F2D9BA,#F2D9BA,#F2D9BA,#F2D9BA,#753832,#FFFFFF,#FFFFFF,#FFFFFF,#FFFFFF,#FFFFFF,#FFFFFF,#FFFFFF,#FFFFFF,#FFFFFF,#FFFFFF,#FFFFFF,#FFFFFF
#FFFFFF,#FFFFFF,#FFFFFF,#FFFFFF,#FFFFFF,#FFFFFF,#FFFFFF,#FFFFFF,#FFFFFF,#FFFFFF,#FFFFFF,#FFFFFF,#FFFFFF,#FFFFFF,#753832,#FAF4C8,#FAF4C8,#FAF4C8,#FAF4C8,#F2D9BA,#F2D9BA,#F2D9BA,#F2D9BA,#F2D9BA,#F2D9BA,#F2D9BA,#F2D9BA,#F2D9BA,#753832,#FFFFFF,#FFFFFF,#FFFFFF,#FFFFFF,#FFFFFF,#FFFFFF,#FFFFFF,#FFFFFF,#FFFFFF,#FFFFFF,#FFFFFF
#FFFFFF,#FFFFFF,#FFFFFF,#FFFFFF,#FFFFFF,#FFFFFF,#FFFFFF,#FFFFFF,#FFFFFF,#FFFFFF,#FFFFFF,#FFFFFF,#753832,#753832,#753832,#FAF4C8,#FAF4C8,#FAF4C8,#FAF4C8,#F2D9BA,#F2D9BA,#F2D9BA,#F2D9BA,#F2D9BA,#F2D9BA,#F2D9BA,#FFFFD5,#F2D9BA,#753832,#FFFFFF,#FFFFFF,#FFFFFF,#FFFFFF,#FFFFFF,#FFFFFF,#FFFFFF,#FFFFFF,#FFFFFF,#FFFFFF,#FFFFFF
#FFFFFF,#FFFFFF,#FFFFFF,#FFFFFF,#FFFFFF,#FFFFFF,#FFFFFF,#FFFFFF,#FFFFFF,#FFFFFF,#FFFFFF,#753832,#E7002F,#E7002F,#E7002F,#753832,#FAF4C8,#FAF4C8,#FFFFD5,#F2D9BA,#F2D9BA,#F2D9BA,#F2D9BA,#F2D9BA,#F2D9BA,#FFFFD5,#FFFFD5,#F2D9BA,#753832,#FFFFFF,#FFFFFF,#FFFFFF,#FFFFFF,#FFFFFF,#FFFFFF,#FFFFFF,#FFFFFF,#FFFFFF,#FFFFFF,#FFFFFF
#FFFFFF,#FFFFFF,#FFFFFF,#FFFFFF,#FFFFFF,#FFFFFF,#FFFFFF,#FFFFFF,#FFFFFF,#FFFFFF,#FFFFFF,#753832,#E7002F,#E7002F,#E7002F,#E7002F,#753832,#FAF4C8,#FFFFD5,#F2D9BA,#F2D9BA,#F2D9BA,#F2D9BA,#F2D9BA,#F2D9BA,#FFFFD5,#FFFFD5,#F2D9BA,#753832,#FFFFFF,#FFFFFF,#FFFFFF,#FFFFFF,#FFFFFF,#FFFFFF,#FFFFFF,#FFFFFF,#FFFFFF,#FFFFFF,#FFFFFF
#FFFFFF,#FFFFFF,#FFFFFF,#FFFFFF,#FFFFFF,#FFFFFF,#FFFFFF,#FFFFFF,#FFFFFF,#FFFFFF,#FFFFFF,#FFFFFF,#753832,#E7002F,#E7002F,#E7002F,#753832,#FAF4C8,#FFFFD5,#753832,#753832,#753832,#753832,#753832,#753832,#753832,#F2D9BA,#F2D9BA,#753832,#FFFFFF,#FFFFFF,#FFFFFF,#FFFFFF,#FFFFFF,#FFFFFF,#FFFFFF,#FFFFFF,#FFFFFF,#FFFFFF,#FFFFFF
#FFFFFF,#FFFFFF,#FFFFFF,#FFFFFF,#FFFFFF,#FFFFFF,#FFFFFF,#FFFFFF,#FFFFFF,#FFFFFF,#FFFFFF,#FFFFFF,#753832,#E7002F,#E7002F,#E7002F,#753832,#753832,#753832,#F2D9BA,#F2D9BA,#F2D9BA,#F2D9BA,#F2D9BA,#F2D9BA,#F2D9BA,#753832,#753832,#FFFFFF,#FFFFFF,#FFFFFF,#FFFFFF,#FFFFFF,#FFFFFF,#FFFFFF,#FFFFFF,#FFFFFF,#FFFFFF,#FFFFFF,#FFFFFF
#FFFFFF,#FFFFFF,#FFFFFF,#FFFFFF,#FFFFFF,#FFFFFF,#FFFFFF,#FFFFFF,#FFFFFF,#FFFFFF,#FFFFFF,#FFFFFF,#753832,#E7002F,#E7002F,#753832,#9D5B3E,#F2D9BA,#F2D9BA,#F2D9BA,#F2D9BA,#F2D9BA,#F2D9BA,#F2D9BA,#F2D9BA,#F2D9BA,#753832,#FFFFFF,#FFFFFF,#FFFFFF,#FFFFFF,#753832,#753832,#753832,#FFFFFF,#FFFFFF,#FFFFFF,#FFFFFF,#FFFFFF,#FFFFFF
#FFFFFF,#FFFFFF,#FFFFFF,#FFFFFF,#FFFFFF,#FFFFFF,#FFFFFF,#FFFFFF,#FFFFFF,#753832,#753832,#FFFFFF,#FFFFFF,#753832,#753832,#FFFFFF,#9D5B3E,#F2D9BA,#E7002F,#E7002F,#E7002F,#E7002F,#E7002F,#E7002F,#F2D9BA,#F2D9BA,#753832,#FFFFFF,#FFFFFF,#753832,#753832,#9D5B3E,#9D5B3E,#9D5B3E,#753832,#FFFFFF,#FFFFFF,#FFFFFF,#FFFFFF,#FFFFFF
#FFFFFF,#FFFFFF,#FFFFFF,#FFFFFF,#FFFFFF,#FFFFFF,#FFFFFF,#FFFFFF,#753832,#9D5B3E,#9D5B3E,#753832,#753832,#753832,#FFFFFF,#FFFFFF,#9D5B3E,#F2D9BA,#F2D9BA,#E7002F,#F2D9BA,#F2D9BA,#E7002F,#F2D9BA,#F2D9BA,#F2D9BA,#753832,#FFFFFF,#753832,#9D5B3E,#9D5B3E,#9D5B3E,#9D5B3E,#9D5B3E,#9D5B3E,#753832,#FFFFFF,#FFFFFF,#FFFFFF,#FFFFFF
#FFFFFF,#FFFFFF,#FFFFFF,#FFFFFF,#FFFFFF,#FFFFFF,#FFFFFF,#753832,#9D5B3E,#9D5B3E,#9D5B3E,#9D5B3E,#9D5B3E,#753832,#FFFFFF,#FFFFFF,#753832,#753832,#9D5B3E,#9D5B3E,#9D5B3E,#9D5B3E,#9D5B3E,#9D5B3E,#753832,#753832,#753832,#753832,#9D5B3E,#9D5B3E,#9D5B3E,#9D5B3E,#FEFF8B,#FEFF8B,#9D5B3E,#753832,#FFFFFF,#FFFFFF,#FFFFFF,#FFFFFF
#FFFFFF,#FFFFFF,#FFFFFF,#FFFFFF,#FFFFFF,#FFFFFF,#753832,#9D5B3E,#FEFF8B,#FEFF8B,#FEFF8B,#9D5B3E,#9D5B3E,#9D5B3E,#753832,#753832,#9D5B3E,#9D5B3E,#9D5B3E,#9D5B3E,#9D5B3E,#9D5B3E,#9D5B3E,#9D5B3E,#9D5B3E,#9D5B3E,#753832,#9D5B3E,#9D5B3E,#9D5B3E,#9D5B3E,#FEFF8B,#FEFF8B,#FEFF8B,#9D5B3E,#753832,#FFFFFF,#FFFFFF,#FFFFFF,#FFFFFF
#FFFFFF,#FFFFFF,#FFFFFF,#FFFFFF,#FFFFFF,#FFFFFF,#753832,#9D5B3E,#FEFF8B,#FEFF8B,#FEFF8B,#FEFF8B,#9D5B3E,#9D5B3E,#9D5B3E,#753832,#9D5B3E,#9D5B3E,#000000,#9D5B3E,#9D5B3E,#9D5B3E,#9D5B3E,#000000,#9D5B3E,#9D5B3E,#753832,#9D5B3E,#9D5B3E,#9D5B3E,#FEFF8B,#FEFF8B,#FEFF8B,#FEFF8B,#9D5B3E,#753832,#FFFFFF,#FFFFFF,#FFFFFF,#FFFFFF
#FFFFFF,#FFFFFF,#FFFFFF,#FFFFFF,#FFFFFF,#FFFFFF,#753832,#9D5B3E,#FEFF8B,#FEFF8B,#FEFF8B,#FEFF8B,#FEFF8B,#9D5B3E,#9D5B3E,#753832,#9D5B3E,#9D5B3E,#000000,#9D5B3E,#753832,#753832,#9D5B3E,#000000,#9D5B3E,#9D5B3E,#9D5B3E,#9D5B3E,#FEFF8B,#FEFF8B,#FEFF8B,#FEFF8B,#FEFF8B,#FEFF8B,#9D5B3E,#753832,#FFFFFF,#FFFFFF,#FFFFFF,#FFFFFF
#FFFFFF,#FFFFFF,#FFFFFF,#FFFFFF,#FFFFFF,#FFFFFF,#FFFFFF,#753832,#9D5B3E,#FEFF8B,#FEFF8B,#FEFF8B,#FEFF8B,#FEFF8B,#753832,#9D5B3E,#9D5B3E,#9D5B3E,#9D5B3E,#9D5B3E,#753832,#753832,#9D5B3E,#9D5B3E,#9D5B3E,#9D5B3E,#9D5B3E,#753832,#FEFF8B,#FEFF8B,#FEFF8B,#FEFF8B,#FEFF8B,#FEFF8B,#9D5B3E,#753832,#FFFFFF,#FFFFFF,#FFFFFF,#FFFFFF
#FFFFFF,#FFFFFF,#FFFFFF,#FFFFFF,#FFFFFF,#FFFFFF,#FFFFFF,#753832,#9D5B3E,#FEFF8B,#FEFF8B,#FEFF8B,#FEFF8B,#FEFF8B,#753832,#9D5B3E,#9D5B3E,#9D5B3E,#9D5B3E,#9D5B3E,#9D5B3E,#9D5B3E,#9D5B3E,#000000,#9D5B3E,#9D5B3E,#9D5B3E,#753832,#9D5B3E,#FEFF8B,#FEFF8B,#FEFF8B,#FEFF8B,#9D5B3E,#753832,#FFFFFF,#FFFFFF,#FFFFFF,#FFFFFF,#FFFFFF
#FFFFFF,#FFFFFF,#FFFFFF,#FFFFFF,#FFFFFF,#FFFFFF,#FFFFFF,#FFFFFF,#753832,#753832,#753832,#753832,#FEFF8B,#9D5B3E,#753832,#9D5B3E,#9D5B3E,#9D5B3E,#000000,#9D5B3E,#9D5B3E,#9D5B3E,#000000,#9D5B3E,#9D5B3E,#9D5B3E,#9D5B3E,#753832,#9D5B3E,#9D5B3E,#FEFF8B,#FEFF8B,#9D5B3E,#753832,#FFFFFF,#FFFFFF,#FFFFFF,#FFFFFF,#FFFFFF,#FFFFFF
#FFFFFF,#FFFFFF,#FFFFFF,#FFFFFF,#FFFFFF,#FFFFFF,#FFFFFF,#753832,#B6B1BA,#B6B1BA,#B6B1BA,#753832,#753832,#753832,#753832,#9D5B3E,#9D5B3E,#9D5B3E,#9D5B3E,#000000,#000000,#000000,#9D5B3E,#9D5B3E,#9D5B3E,#9D5B3E,#9D5B3E,#753832,#753832,#9D5B3E,#9D5B3E,#9D5B3E,#753832,#FFFFFF,#FFFFFF,#FFFFFF,#FFFFFF,#FFFFFF,#FFFFFF,#FFFFFF
#FFFFFF,#FFFFFF,#FFFFFF,#FFFFFF,#FFFFFF,#FFFFFF,#753832,#B6B1BA,#B6B1BA,#FFFFD5,#FFFFD5,#B6B1BA,#753832,#FFFFFF,#FFFFFF,#753832,#9D5B3E,#9D5B3E,#9D5B3E,#9D5B3E,#9D5B3E,#9D5B3E,#9D5B3E,#9D5B3E,#9D5B3E,#9D5B3E,#753832,#753832,#FFFFFF,#753832,#753832,#753832,#FFFFFF,#FFFFFF,#FFFFFF,#FFFFFF,#FFFFFF,#FFFFFF,#FFFFFF,#FFFFFF
#FFFFFF,#FFFFFF,#FFFFFF,#FFFFFF,#FFFFFF,#753832,#753832,#B6B1BA,#FFFFD5,#FFFFD5,#FFFFD5,#FFFFD5,#753832,#FFFFFF,#753832,#50AAF0,#50AAF0,#50AAF0,#50AAF0,#50AAF0,#50AAF0,#50AAF0,#50AAF0,#50AAF0,#50AAF0,#FEFFFF,#50AAF0,#753832,#FFFFFF,#FFFFFF,#FFFFFF,#FFFFFF,#FFFFFF,#FFFFFF,#FFFFFF,#FFFFFF,#FFFFFF,#FFFFFF,#FFFFFF,#FFFFFF
#FFFFFF,#FFFFFF,#FFFFFF,#FFFFFF,#FFFFFF,#753832,#B6B1BA,#FFFFD5,#FFFFD5,#FBED56,#FFFFD5,#FFFFD5,#753832,#753832,#50AAF0,#50AAF0,#FEFFFF,#50AAF0,#FEFFFF,#50AAF0,#FEFFFF,#50AAF0,#50AAF0,#FEFFFF,#50AAF0,#50AAF0,#50AAF0,#753832,#FFFFFF,#FFFFFF,#FFFFFF,#FFFFFF,#FFFFFF,#FFFFFF,#FFFFFF,#FFFFFF,#FFFFFF,#FFFFFF,#FFFFFF,#FFFFFF
#FFFFFF,#FFFFFF,#FFFFFF,#FFFFFF,#FFFFFF,#753832,#B6B1BA,#B6B1BA,#FFFFD5,#FFFFD5,#FFFFD5,#B6B1BA,#753832,#753832,#50AAF0,#50AAF0,#50AAF0,#50AAF0,#50AAF0,#50AAF0,#50AAF0,#50AAF0,#50AAF0,#50AAF0,#50AAF0,#50AAF0,#50AAF0,#FEFF8B,#753832,#FFFFFF,#FFFFFF,#FFFFFF,#FFFFFF,#FFFFFF,#FFFFFF,#FFFFFF,#FFFFFF,#FFFFFF,#FFFFFF,#FFFFFF
#FFFFFF,#FFFFFF,#FFFFFF,#FFFFFF,#FFFFFF,#FFFFFF,#753832,#B6B1BA,#B6B1BA,#B6B1BA,#B6B1BA,#753832,#753832,#50AAF0,#50AAF0,#50AAF0,#FEFFFF,#50AAF0,#FEFFFF,#50AAF0,#FEFFFF,#50AAF0,#50AAF0,#50AAF0,#50AAF0,#E7002F,#FEFF8B,#FEFF8B,#FEFF8B,#753832,#FFFFFF,#FFFFFF,#FFFFFF,#FFFFFF,#FFFFFF,#FFFFFF,#FFFFFF,#FFFFFF,#FFFFFF,#FFFFFF
#FFFFFF,#FFFFFF,#FFFFFF,#FFFFFF,#FFFFFF,#FFFFFF,#FFFFFF,#753832,#753832,#753832,#753832,#753832,#9D5B3E,#753832,#50AAF0,#50AAF0,#50AAF0,#50AAF0,#50AAF0,#50AAF0,#50AAF0,#E7002F,#E7002F,#E7002F,#E7002F,#FEFF8B,#FEFF8B,#FEFF8B,#FEFF8B,#753832,#FFFFFF,#FFFFFF,#FFFFFF,#FFFFFF,#FFFFFF,#FFFFFF,#FFFFFF,#FFFFFF,#FFFFFF,#FFFFFF
#FFFFFF,#FFFFFF,#FFFFFF,#FFFFFF,#FFFFFF,#FFFFFF,#FFFFFF,#FFFFFF,#FFFFFF,#753832,#9D5B3E,#9D5B3E,#9D5B3E,#753832,#50AAF0,#50AAF0,#FEFFFF,#50AAF0,#50AAF0,#50AAF0,#9D5B3E,#F2D9BA,#9D5B3E,#F2D9BA,#E7002F,#F2D9BA,#E7002F,#FEFF8B,#753832,#9D5B3E,#753832,#FFFFFF,#FFFFFF,#FFFFFF,#FFFFFF,#FFFFFF,#FFFFFF,#FFFFFF,#FFFFFF,#FFFFFF
#FFFFFF,#FFFFFF,#FFFFFF,#FFFFFF,#FFFFFF,#FFFFFF,#FFFFFF,#FFFFFF,#FFFFFF,#753832,#9D5B3E,#9D5B3E,#9D5B3E,#753832,#50AAF0,#50AAF0,#50AAF0,#50AAF0,#E7002F,#F2D9BA,#9D5B3E,#9D5B3E,#9D5B3E,#9D5B3E,#E7002F,#F2D9BA,#E7002F,#753832,#9D5B3E,#9D5B3E,#753832,#FFFFFF,#FFFFFF,#FFFFFF,#FFFFFF,#FFFFFF,#FFFFFF,#FFFFFF,#FFFFFF,#FFFFFF
#FFFFFF,#FFFFFF,#FFFFFF,#FFFFFF,#FFFFFF,#FFFFFF,#FFFFFF,#FFFFFF,#FFFFFF,#753832,#9D5B3E,#9D5B3E,#753832,#9D5B3E,#753832,#50AAF0,#E7002F,#FFFFD5,#E7002F,#F2D9BA,#F2D9BA,#F2D9BA,#F2D9BA,#F2D9BA,#E7002F,#9D5B3E,#E7002F,#753832,#9D5B3E,#9D5B3E,#753832,#FFFFFF,#FFFFFF,#FFFFFF,#FFFFFF,#FFFFFF,#FFFFFF,#FFFFFF,#FFFFFF,#FFFFFF
#FFFFFF,#FFFFFF,#FFFFFF,#FFFFFF,#FFFFFF,#FFFFFF,#FFFFFF,#FFFFFF,#FFFFFF,#FFFFFF,#753832,#753832,#9D5B3E,#9D5B3E,#9D5B3E,#FFC365,#FFC365,#FFFFD5,#E7002F,#B6B1BA,#B6B1BA,#B6B1BA,#B6B1BA,#B6B1BA,#9D5B3E,#753832,#9D5B3E,#753832,#9D5B3E,#9D5B3E,#753832,#FFFFFF,#FFFFFF,#FFFFFF,#FFFFFF,#FFFFFF,#FFFFFF,#FFFFFF,#FFFFFF,#FFFFFF
#FFFFFF,#FFFFFF,#FFFFFF,#FFFFFF,#FFFFFF,#FFFFFF,#FFFFFF,#FFFFFF,#FFFFFF,#FFFFFF,#FFFFFF,#753832,#9D5B3E,#9D5B3E,#9D5B3E,#FFC365,#FFC365,#FFC365,#E7002F,#F2D9BA,#E7002F,#F2D9BA,#E7002F,#F2D9BA,#9D5B3E,#9D5B3E,#9D5B3E,#E7002F,#753832,#753832,#FFFFFF,#FFFFFF,#FFFFFF,#FFFFFF,#FFFFFF,#FFFFFF,#FFFFFF,#FFFFFF,#FFFFFF,#FFFFFF
#FFFFFF,#FFFFFF,#FFFFFF,#FFFFFF,#FFFFFF,#FFFFFF,#FFFFFF,#FFFFFF,#FFFFFF,#FFFFFF,#FFFFFF,#753832,#9D5B3E,#9D5B3E,#9D5B3E,#9D5B3E,#FFC365,#FFC365,#E7002F,#F2D9BA,#E7002F,#F2D9BA,#E7002F,#F2D9BA,#E7002F,#F2D9BA,#E7002F,#E7002F,#9D5B3E,#753832,#FFFFFF,#FFFFFF,#FFFFFF,#FFFFFF,#FFFFFF,#FFFFFF,#FFFFFF,#FFFFFF,#FFFFFF,#FFFFFF
#FFFFFF,#FFFFFF,#FFFFFF,#FFFFFF,#FFFFFF,#FFFFFF,#FFFFFF,#FFFFFF,#FFFFFF,#FFFFFF,#FFFFFF,#753832,#9D5B3E,#9D5B3E,#9D5B3E,#9D5B3E,#FFC365,#FFC365,#E7002F,#F2D9BA,#E7002F,#F2D9BA,#E7002F,#F2D9BA,#E7002F,#F2D9BA,#E7002F,#9D5B3E,#9D5B3E,#753832,#FFFFFF,#FFFFFF,#FFFFFF,#FFFFFF,#FFFFFF,#FFFFFF,#FFFFFF,#FFFFFF,#FFFFFF,#FFFFFF
#FFFFFF,#FFFFFF,#FFFFFF,#FFFFFF,#FFFFFF,#FFFFFF,#FFFFFF,#FFFFFF,#FFFFFF,#FFFFFF,#FFFFFF,#753832,#9D5B3E,#9D5B3E,#9D5B3E,#9D5B3E,#9D5B3E,#E7002F,#E7002F,#F2D9BA,#E7002F,#F2D9BA,#E7002F,#F2D9BA,#E7002F,#F2D9BA,#753832,#9D5B3E,#9D5B3E,#753832,#FFFFFF,#FFFFFF,#FFFFFF,#FFFFFF,#FFFFFF,#FFFFFF,#FFFFFF,#FFFFFF,#FFFFFF,#FFFFFF
#FFFFFF,#FFFFFF,#FFFFFF,#FFFFFF,#FFFFFF,#FFFFFF,#FFFFFF,#FFFFFF,#FFFFFF,#FFFFFF,#FFFFFF,#753832,#9D5B3E,#9D5B3E,#9D5B3E,#9D5B3E,#9D5B3E,#753832,#753832,#753832,#753832,#753832,#753832,#753832,#753832,#753832,#9D5B3E,#9D5B3E,#9D5B3E,#753832,#FFFFFF,#FFFFFF,#FFFFFF,#FFFFFF,#FFFFFF,#FFFFFF,#FFFFFF,#FFFFFF,#FFFFFF,#FFFFFF
#FFFFFF,#FFFFFF,#FFFFFF,#FFFFFF,#FFFFFF,#FFFFFF,#FFFFFF,#FFFFFF,#FFFFFF,#FFFFFF,#FFFFFF,#FFFFFF,#753832,#9D5B3E,#9D5B3E,#9D5B3E,#9D5B3E,#753832,#FFFFFF,#FFFFFF,#FFFFFF,#FFFFFF,#FFFFFF,#753832,#9D5B3E,#9D5B3E,#9D5B3E,#9D5B3E,#9D5B3E,#753832,#FFFFFF,#FFFFFF,#FFFFFF,#FFFFFF,#FFFFFF,#FFFFFF,#FFFFFF,#FFFFFF,#FFFFFF,#FFFFFF
#FFFFFF,#FFFFD5,#50AAF0,#FFFFFF,#FFFFFF,#FFFFFF,#FFFFFF,#FFFFFF,#FFFFFF,#FFFFFF,#FFFFFF,#FFFFFF,#FFFFFF,#753832,#9D5B3E,#9D5B3E,#9D5B3E,#753832,#FFFFFF,#FFFFFF,#FFFFFF,#FFFFFF,#FFFFFF,#753832,#9D5B3E,#9D5B3E,#9D5B3E,#9D5B3E,#753832,#FFFFFF,#FFFFFF,#FFFFFF,#FFFFFF,#FFFFFF,#FFFFFF,#FFFFFF,#FFFFFF,#FFFFFF,#FFFFFF,#FFFFFF
#FFFFFF,#FEFF8B,#FFFFFF,#B6B1BA,#FFFFFF,#FFFFFF,#FFFFFF,#FFFFFF,#FFFFFF,#FFFFFF,#FFFFFF,#FFFFFF,#FFFFFF,#FFFFFF,#753832,#753832,#753832,#FFFFFF,#FFFFFF,#FFFFFF,#FFFFFF,#FFFFFF,#FFFFFF,#FFFFFF,#753832,#753832,#753832,#753832,#FFFFFF,#FFFFFF,#FFFFFF,#FFFFFF,#FFFFFF,#FFFFFF,#FFFFFF,#FFFFFF,#FFFFFF,#FFFFFF,#FFFFFF,#FFFFFF
#FFFFFF,#FBED56,#9D5B3E,#000000,#FFFFFF,#FFFFFF,#FFFFFF,#FFFFFF,#FFFFFF,#FFFFFF,#FFFFFF,#FFFFFF,#FFFFFF,#FFFFFF,#FFFFFF,#FFFFFF,#FFFFFF,#FFFFFF,#FFFFFF,#FFFFFF,#FFFFFF,#FFFFFF,#FFFFFF,#FFFFFF,#FFFFFF,#FFFFFF,#FFFFFF,#FFFFFF,#FFFFFF,#FFFFFF,#FFFFFF,#FFFFFF,#FFFFFF,#FFFFFF,#FFFFFF,#FFFFFF,#FFFFFF,#FFFFFF,#FFFFFF,#FFFFFF
#FFFFFF,#FFFFFF,#FEFFFF,#FFFFFF,#FFFFFF,#FFFFFF,#FFFFFF,#FFFFFF,#FFFFFF,#FFFFFF,#FFFFFF,#FFFFFF,#FFFFFF,#FFFFFF,#FFFFFF,#FFFFFF,#FFFFFF,#FFFFFF,#FFFFFF,#FFFFFF,#FFFFFF,#FFFFFF,#FFFFFF,#FFFFFF,#FFFFFF,#FFFFFF,#FFFFFF,#FFFFFF,#FFFFFF,#FFFFFF,#FFFFFF,#FFFFFF,#FFFFFF,#FFFFFF,#FFFFFF,#FFFFFF,#FFFFFF,#FFFFFF,#FFFFFF,#FFFFFF
#FFFFFF,#FFFFFF,#FFFFFF,#FFFFFF,#FFFFFF,#FFFFFF,#FFFFFF,#FFFFFF,#FFFFFF,#FFFFFF,#FFFFFF,#FFFFFF,#FFFFFF,#FFFFFF,#FFFFFF,#FFFFFF,#FFFFFF,#FFFFFF,#FFFFFF,#FFFFFF,#FFFFFF,#FFFFFF,#FFFFFF,#FFFFFF,#FFFFFF,#FFFFFF,#FFFFFF,#FFFFFF,#FFFFFF,#FFFFFF,#FFFFFF,#FFFFFF,#FFFFFF,#FFFFFF,#FFFFFF,#FFFFFF,#FFFFFF,#FFFFFF,#FFFFFF,#FFFFFF
#FFFFFF,#FFFFFF,#FFFFFF,#FFFFFF,#FFFFFF,#FFFFFF,#FFFFFF,#FFFFFF,#FFFFFF,#FFFFFF,#FFFFFF,#FFFFFF,#FFFFFF,#FFFFFF,#FFFFFF,#FFFFFF,#FFFFFF,#FFFFFF,#FFFFFF,#FFFFFF,#FFFFFF,#FFFFFF,#FFFFFF,#FFFFFF,#FFFFFF,#FFFFFF,#FFFFFF,#FFFFFF,#FFFFFF,#FFFFFF,#FFFFFF,#FFFFFF,#FFFFFF,#FFFFFF,#FFFFFF,#FFFFFF,#FFFFFF,#FFFFFF,#FFFFFF,#FFFFFF
#FFFFFF,#FFFFFF,#FFFFFF,#FFFFFF,#FFFFFF,#FFFFFF,#FFFFFF,#FFFFFF,#FFFFFF,#FFFFFF,#FFFFFF,#FFFFFF,#FFFFFF,#FFFFFF,#FFFFFF,#FFFFFF,#FFFFFF,#FFFFFF,#FFFFFF,#FFFFFF,#FFFFFF,#FFFFFF,#FFFFFF,#FFFFFF,#FFFFFF,#FFFFFF,#FFFFFF,#FFFFFF,#FFFFFF,#FFFFFF,#FFFFFF,#FFFFFF,#FFFFFF,#FFFFFF,#FFFFFF,#FFFFFF,#FFFFFF,#FFFFFF,#FFFFFF,#FFFFFF
#FFFFFF,#FFFFFF,#FFFFFF,#FFFFFF,#FFFFFF,#FFFFFF,#FFFFFF,#FFFFFF,#FFFFFF,#FFFFFF,#FFFFFF,#FFFFFF,#FFFFFF,#FFFFFF,#FFFFFF,#FFFFFF,#FFFFFF,#FFFFFF,#FFFFFF,#FFFFFF,#FFFFFF,#FFFFFF,#FFFFFF,#FFFFFF,#FFFFFF,#FFFFFF,#FFFFFF,#FFFFFF,#FFFFFF,#FFFFFF,#FFFFFF,#FFFFFF,#FFFFFF,#FFFFFF,#FFFFFF,#FFFFFF,#FFFFFF,#FFFFFF,#FFFFFF,#FFFFFF
#FFFFFF,#FFFFFF,#FFFFFF,#FFFFFF,#FFFFFF,#FFFFFF,#FFFFFF,#FFFFFF,#FFFFFF,#FFFFFF,#FFFFFF,#FFFFFF,#FFFFFF,#FFFFFF,#FFFFFF,#FFFFFF,#FFFFFF,#FFFFFF,#FFFFFF,#FFFFFF,#FFFFFF,#FFFFFF,#FFFFFF,#FFFFFF,#FFFFFF,#FFFFFF,#FFFFFF,#FFFFFF,#FFFFFF,#FFFFFF,#FFFFFF,#FFFFFF,#FFFFFF,#FFFFFF,#FFFFFF,#FFFFFF,#FFFFFF,#FFFFFF,#FFFFFF,#FFFFFF
#FFFFFF,#FFFFFF,#FFFFFF,#FFFFFF,#FFFFFF,#FFFFFF,#FFFFFF,#FFFFFF,#FFFFFF,#FFFFFF,#FFFFFF,#FFFFFF,#FFFFFF,#FFFFFF,#FFFFFF,#FFFFFF,#FFFFFF,#FFFFFF,#FFFFFF,#FFFFFF,#FFFFFF,#FFFFFF,#FFFFFF,#FFFFFF,#FFFFFF,#FFFFFF,#FFFFFF,#FFFFFF,#FFFFFF,#FFFFFF,#FFFFFF,#FFFFFF,#FFFFFF,#FFFFFF,#FFFFFF,#FFFFFF,#FFFFFF,#FFFFFF,#FFFFFF,#FFFFFF
#FFFFFF,#FFFFFF,#FFFFFF,#FFFFFF,#FFFFFF,#FFFFFF,#FFFFFF,#FFFFFF,#FFFFFF,#FFFFFF,#FFFFFF,#FFFFFF,#FFFFFF,#FFFFFF,#FFFFFF,#FFFFFF,#FFFFFF,#FFFFFF,#FFFFFF,#FFFFFF,#FFFFFF,#FFFFFF,#FFFFFF,#FFFFFF,#FFFFFF,#FFFFFF,#FFFFFF,#FFFFFF,#FFFFFF,#FFFFFF,#FFFFFF,#FFFFFF,#FFFFFF,#FFFFFF,#FFFFFF,#FFFFFF,#FFFFFF,#FFFFFF,#FFFFFF,#FFFFFF
#FFFFFF,#FFFFFF,#FFFFFF,#FFFFFF,#FFFFFF,#FFFFFF,#FFFFFF,#FFFFFF,#FFFFFF,#FFFFFF,#FFFFFF,#FFFFFF,#FFFFFF,#FFFFFF,#FFFFFF,#FFFFFF,#FFFFFF,#FFFFFF,#FFFFFF,#FFFFFF,#FFFFFF,#FFFFFF,#FFFFFF,#FFFFFF,#FFFFFF,#FFFFFF,#FFFFFF,#FFFFFF,#FFFFFF,#FFFFFF,#FFFFFF,#FFFFFF,#FFFFFF,#FFFFFF,#FFFFFF,#FFFFFF,#FFFFFF,#FFFFFF,#FFFFFF,#FFFFFF
#FFFFFF,#FFFFFF,#FFFFFF,#FFFFFF,#FFFFFF,#FFFFFF,#FFFFFF,#FFFFFF,#FFFFFF,#FFFFFF,#FFFFFF,#FFFFFF,#FFFFFF,#FFFFFF,#FFFFFF,#FFFFFF,#FFFFFF,#FFFFFF,#FFFFFF,#FFFFFF,#FFFFFF,#FFFFFF,#FFFFFF,#FFFFFF,#FFFFFF,#FFFFFF,#FFFFFF,#FFFFFF,#FFFFFF,#FFFFFF,#FFFFFF,#FFFFFF,#FFFFFF,#FFFFFF,#FFFFFF,#FFFFFF,#FFFFFF,#FFFFFF,#FFFFFF,#FFFFFF
#FFFFFF,#FFFFFF,#FFFFFF,#FFFFFF,#FFFFFF,#FFFFFF,#FFFFFF,#FFFFFF,#FFFFFF,#FFFFFF,#FFFFFF,#FFFFFF,#FFFFFF,#FFFFFF,#FFFFFF,#FFFFFF,#FFFFFF,#FFFFFF,#FFFFFF,#FFFFFF,#FFFFFF,#FFFFFF,#FFFFFF,#FFFFFF,#FFFFFF,#FFFFFF,#FFFFFF,#FFFFFF,#FFFFFF,#FFFFFF,#FFFFFF,#FFFFFF,#FFFFFF,#FFFFFF,#FFFFFF,#FFFFFF,#FFFFFF,#FFFFFF,#FFFFFF,#FFFFFF
#FFFFFF,#FFFFFF,#FFFFFF,#FFFFFF,#FFFFFF,#FFFFFF,#FFFFFF,#FFFFFF,#FFFFFF,#FFFFFF,#FFFFFF,#FFFFFF,#FFFFFF,#FFFFFF,#FFFFFF,#FFFFFF,#FFFFFF,#FFFFFF,#FFFFFF,#FFFFFF,#FFFFFF,#FFFFFF,#FFFFFF,#FFFFFF,#FFFFFF,#FFFFFF,#FFFFFF,#FFFFFF,#FFFFFF,#FFFFFF,#FFFFFF,#FFFFFF,#FFFFFF,#FFFFFF,#FFFFFF,#FFFFFF,#FFFFFF,#FFFFFF,#FFFFFF,#FFFFFF
#FFFFFF,#FFFFFF,#FFFFFF,#FFFFFF,#FFFFFF,#FFFFFF,#FFFFFF,#FFFFFF,#FFFFFF,#FFFFFF,#FFFFFF,#FFFFFF,#FFFFFF,#FFFFFF,#FFFFFF,#FFFFFF,#FFFFFF,#FFFFFF,#FFFFFF,#FFFFFF,#FFFFFF,#FFFFFF,#FFFFFF,#FFFFFF,#FFFFFF,#FFFFFF,#FFFFFF,#FFFFFF,#FFFFFF,#FFFFFF,#FFFFFF,#FFFFFF,#FFFFFF,#FFFFFF,#FFFFFF,#FFFFFF,#FFFFFF,#FFFFFF,#FFFFFF,#FFFFFF
#FFFFFF,#FFFFFF,#FFFFFF,#FFFFFF,#FFFFFF,#FFFFFF,#FFFFFF,#FFFFFF,#FFFFFF,#FFFFFF,#FFFFFF,#FFFFFF,#FFFFFF,#FFFFFF,#FFFFFF,#FFFFFF,#FFFFFF,#FFFFFF,#FFFFFF,#FFFFFF,#FFFFFF,#FFFFFF,#FFFFFF,#FFFFFF,#FFFFFF,#FFFFFF,#FFFFFF,#FFFFFF,#FFFFFF,#FFFFFF,#FFFFFF,#FFFFFF,#FFFFFF,#FFFFFF,#FFFFFF,#FFFFFF,#FFFFFF,#FFFFFF,#FFFFFF,#FFFFFF
#FFFFFF,#FFFFFF,#FFFFFF,#FFFFFF,#FFFFFF,#FFFFFF,#FFFFFF,#FFFFFF,#FFFFFF,#FFFFFF,#FFFFFF,#FFFFFF,#FFFFFF,#FFFFFF,#FFFFFF,#FFFFFF,#FFFFFF,#FFFFFF,#FFFFFF,#FFFFFF,#FFFFFF,#FFFFFF,#FFFFFF,#FFFFFF,#FFFFFF,#FFFFFF,#FFFFFF,#FFFFFF,#FFFFFF,#FFFFFF,#FFFFFF,#FFFFFF,#FFFFFF,#FFFFFF,#FFFFFF,#FFFFFF,#FFFFFF,#FFFFFF,#FFFFFF,#FFFFFF
#FFFFFF,#FFFFFF,#FFFFFF,#FFFFFF,#FFFFFF,#FFFFFF,#FFFFFF,#FFFFFF,#FFFFFF,#FFFFFF,#FFFFFF,#FFFFFF,#FFFFFF,#FFFFFF,#FFFFFF,#FFFFFF,#FFFFFF,#FFFFFF,#FFFFFF,#FFFFFF,#FFFFFF,#FFFFFF,#FFFFFF,#FFFFFF,#FFFFFF,#FFFFFF,#FFFFFF,#FFFFFF,#FFFFFF,#FFFFFF,#FFFFFF,#FFFFFF,#FFFFFF,#FFFFFF,#FFFFFF,#FFFFFF,#FFFFFF,#FFFFFF,#FFFFFF,#FFFFFF
#FFFFFF,#FFFFFF,#FFFFFF,#FFFFFF,#FFFFFF,#FFFFFF,#FFFFFF,#FFFFFF,#FFFFFF,#FFFFFF,#FFFFFF,#FFFFFF,#FFFFFF,#FFFFFF,#FFFFFF,#FFFFFF,#FFFFFF,#FFFFFF,#FFFFFF,#FFFFFF,#FFFFFF,#FFFFFF,#FFFFFF,#FFFFFF,#FFFFFF,#FFFFFF,#FFFFFF,#FFFFFF,#FFFFFF,#FFFFFF,#FFFFFF,#FFFFFF,#FFFFFF,#FFFFFF,#FFFFFF,#FFFFFF,#FFFFFF,#FFFFFF,#FFFFFF,#FFFFFF
#FFFFFF,#FFFFFF,#FFFFFF,#FFFFFF,#FFFFFF,#FFFFFF,#FFFFFF,#FFFFFF,#FFFFFF,#FFFFFF,#FFFFFF,#FFFFFF,#FFFFFF,#FFFFFF,#FFFFFF,#FFFFFF,#FFFFFF,#FFFFFF,#FFFFFF,#FFFFFF,#FFFFFF,#FFFFFF,#FFFFFF,#FFFFFF,#FFFFFF,#FFFFFF,#FFFFFF,#FFFFFF,#FFFFFF,#FFFFFF,#FFFFFF,#FFFFFF,#FFFFFF,#FFFFFF,#FFFFFF,#FFFFFF,#FFFFFF,#FFFFFF,#FFFFFF,#FFFFFF
#FFFFFF,#FFFFFF,#FFFFFF,#FFFFFF,#FFFFFF,#FFFFFF,#FFFFFF,#FFFFFF,#FFFFFF,#FFFFFF,#FFFFFF,#FFFFFF,#FFFFFF,#FFFFFF,#FFFFFF,#FFFFFF,#FFFFFF,#FFFFFF,#FFFFFF,#FFFFFF,#FFFFFF,#FFFFFF,#FFFFFF,#FFFFFF,#FFFFFF,#FFFFFF,#FFFFFF,#FFFFFF,#FFFFFF,#FFFFFF,#FFFFFF,#FFFFFF,#FFFFFF,#FFFFFF,#FFFFFF,#FFFFFF,#FFFFFF,#FFFFFF,#FFFFFF,#FFFFFF
#FFFFFF,#FFFFFF,#FFFFFF,#FFFFFF,#FFFFFF,#FFFFFF,#FFFFFF,#FFFFFF,#FFFFFF,#FFFFFF,#FFFFFF,#FFFFFF,#FFFFFF,#FFFFFF,#FFFFFF,#FFFFFF,#FFFFFF,#FFFFFF,#FFFFFF,#FFFFFF,#FFFFFF,#FFFFFF,#FFFFFF,#FFFFFF,#FFFFFF,#FFFFFF,#FFFFFF,#FFFFFF,#FFFFFF,#FFFFFF,#FFFFFF,#FFFFFF,#FFFFFF,#FFFFFF,#FFFFFF,#FFFFFF,#FFFFFF,#FFFFFF,#FFFFFF,#FFFFFF